[
  {
    "id": 1,
    "departure": "Ulsan",
    "departureTime": "2023-12-23 07:48",
    "departureNation": "KOR",
    "arrival": "Busan",
    "arrivalTime": "2023-12-25 12:48",
    "arrivalNation": "KOR",
    "condition": "LADEN",
    "load": 44,
    "speed": 11,
    "rpm": 74.5,
    "underway": 7,
    "distance": 132,
    "slip": -1.51,
    "bf": 4,
    "dfoc": 9,
    "cargoCarried": 51330,
    "eeoi": 2076
  },
  {
    "id": 2,
    "departure": "Busan",
    "departureTime": "2023-12-23 07:48",
    "departureNation": "KOR",
    "arrival": "Ulsan",
    "arrivalTime": "2023-12-25 12:48",
    "arrivalNation": "KOR",
    "condition": "LADEN",
    "load": 44,
    "speed": 11,
    "rpm": 74.5,
    "underway": 7,
    "distance": 132,
    "slip": -1.51,
    "bf": 4,
    "dfoc": 9,
    "cargoCarried": 51330,
    "eeoi": 2076
  },
  {
    "id": 3,
    "departure": "Ulsan",
    "departureTime": "2023-12-23 07:48",
    "departureNation": "KOR",
    "arrival": "Pohang",
    "arrivalTime": "2023-12-25 12:48",
    "arrivalNation": "KOR",
    "condition": "LADEN",
    "load": 44,
    "speed": 11,
    "rpm": 74.5,
    "underway": 7,
    "distance": 132,
    "slip": -1.51,
    "bf": 4,
    "dfoc": 9,
    "cargoCarried": 51330,
    "eeoi": 2076
  },
  {
    "id": 4,
    "departure": "Ulsan",
    "departureTime": "2023-12-23 07:48",
    "departureNation": "KOR",
    "arrival": "Pohang",
    "arrivalTime": "2023-12-25 12:48",
    "arrivalNation": "KOR",
    "condition": "LADEN",
    "load": 44,
    "speed": 11,
    "rpm": 74.5,
    "underway": 7,
    "distance": 132,
    "slip": -1.51,
    "bf": 4,
    "dfoc": 9,
    "cargoCarried": 51330,
    "eeoi": 2076
  },
  {
    "id": 5,
    "departure": "Busan",
    "departureTime": "2023-12-23 07:48",
    "departureNation": "KOR",
    "arrival": "Ulsan",
    "arrivalTime": "2023-12-25 12:48",
    "arrivalNation": "KOR",
    "condition": "LADEN",
    "load": 44,
    "speed": 11,
    "rpm": 74.5,
    "underway": 7,
    "distance": 132,
    "slip": -1.51,
    "bf": 4,
    "dfoc": 9,
    "cargoCarried": 51330,
    "eeoi": 2076
  },
  {
    "id": 6,
    "departure": "Ulsan",
    "departureTime": "2023-12-23 07:48",
    "departureNation": "KOR",
    "arrival": "Busan",
    "arrivalTime": "2023-12-25 12:48",
    "arrivalNation": "KOR",
    "condition": "LADEN",
    "load": 44,
    "speed": 11,
    "rpm": 74.5,
    "underway": 7,
    "distance": 132,
    "slip": -1.51,
    "bf": 4,
    "dfoc": 9,
    "cargoCarried": 51330,
    "eeoi": 2076
  }
]
